title,slug,content,date,author,excerpt
Writing a Meaningful Obituary: A Guide,writing-meaningful-obituary,"<h1>Writing a Meaningful Obituary: A Guide</h1>

<p>Losing a loved one is never easy, and crafting an obituary that truly honors their life can be a challenging yet meaningful task. A well-written obituary is more than just an announcement—it's a tribute to the person’s legacy and a way to reflect on their life. In this guide, we will walk you through how to write a meaningful obituary, ensuring that it celebrates the individual while providing necessary information for friends, family, and the community.</p>

<h2>1. Start with the Basics: Who, What, When, and Where</h2>

<p>The first part of an obituary provides essential details about the deceased person. This section typically includes:</p>

<ul>
  <li><strong>Full Name</strong>: Include their full legal name and any commonly known nicknames.</li>
  <li><strong>Age and Date of Birth</strong>: Mention their age and date of birth, so people can understand their place in the timeline of life.</li>
  <li><strong>Date of Death</strong>: Clearly state the date of their passing.</li>
  <li><strong>Place of Death</strong>: Where did they pass away? This could be a hospital, at home, or another location.</li>
</ul>

<p><strong>Example:</strong></p>

<blockquote>
  John Edward Smith, 82, passed away on February 16, 2025, at St. Mary’s Hospital.
</blockquote>

<h2>2. Share Their Life Story</h2>

<p>After the basics, dive deeper into the individual’s life story. This is where you paint a picture of who they were, not just the facts.</p>

<h3>Early Life and Education</h3>

<p>Describe where they were born, who their parents were, and details about their childhood or schooling that had a lasting impact on their life.</p>

<blockquote>
  Born in Chicago, Illinois, on March 5, 1942, John was the youngest of four children. He graduated from the University of Illinois in 1964 with a degree in engineering.
</blockquote>

<h3>Career and Achievements</h3>

<p>Mention the person’s professional life, accomplishments, and anything that made them stand out in their field.</p>

<blockquote>
  John worked for 40 years as a civil engineer, contributing to several prominent city infrastructure projects. He was known for his innovative designs and commitment to sustainability.
</blockquote>

<h3>Personal Interests and Hobbies</h3>

<p>Highlight the activities and hobbies that made them unique. What did they love doing? What were their passions?</p>

<blockquote>
  A lover of the outdoors, John spent many weekends hiking, fishing, and volunteering for environmental causes. He was also an avid reader and a member of the local book club.
</blockquote>

<h2>3. Acknowledge Family and Loved Ones</h2>

<p>Obituaries typically include surviving family members to celebrate relationships that meant the most to the deceased. You may also mention those who preceded them in death.</p>

<ul>
  <li><strong>Surviving family members</strong>: Spouse, children, grandchildren, and siblings.</li>
  <li><strong>Preceded in death</strong>: Parents, siblings, or other family members.</li>
</ul>

<p><strong>Example:</strong></p>

<blockquote>
  John is survived by his wife of 55 years, Susan; two children, Michael and Emma; and three grandchildren, Lily, Noah, and Grace. He was preceded in death by his parents, Edward and Helen, and his brother, David.
</blockquote>

<h2>4. Details About Services and Donations</h2>

<p>If there are funeral or memorial services planned, include the details here. You may also provide information about where to send donations or tributes.</p>

<blockquote>
  A memorial service will be held on February 20, 2025, at 2:00 PM at Lakeview Funeral Home. In lieu of flowers, the family requests donations be made to the Green Earth Foundation.
</blockquote>

<h2>5. Add a Personal Touch</h2>

<p>This is your opportunity to add any final thoughts or a personal message that reflects the deceased’s spirit. You could include:</p>

<ul>
  <li>A favorite quote or saying they lived by.</li>
  <li>A brief mention of their legacy or how they impacted others.</li>
  <li>A sentiment of love or remembrance.</li>
</ul>

<p><strong>Example:</strong></p>

<blockquote>
  John’s kindness, wisdom, and humor will live on in the hearts of those who knew him. He will be greatly missed.
</blockquote>

<hr>

<h3>Final Tips for Writing a Meaningful Obituary:</h3>

<ul>
  <li><strong>Be respectful and sensitive</strong>: Obituaries are shared publicly, so it’s important to maintain a tone of respect while acknowledging the person's life.</li>
  <li><strong>Be concise but informative</strong>: While it’s important to share details, keep the obituary focused on the key points that honor their life.</li>
  <li><strong>Proofread</strong>: A well-written obituary shows care and respect. Double-check facts and spelling to ensure accuracy.</li>
</ul>

<hr>

<p>By following these steps, you can write a meaningful obituary that honors the life of your loved one, offering a thoughtful tribute to their memory while providing important information to the community.</p>
",2025-02-17,Sarah Johnson,"Learn how to write a meaningful obituary that honors your loved one's memory with our comprehensive guide. Includes key elements, writing tips, and common mistakes to avoid."
Coping with Grief Through Writing,coping-with-grief-writing,"<h1>Coping with Grief Through Writing</h1>

<p>Grief is a deeply personal experience that affects everyone in different ways. While there is no ""right"" way to grieve, writing can be an incredibly therapeutic tool for those navigating the difficult emotions that come with loss. Whether you are mourning the loss of a loved one, a pet, or even a significant life change, writing allows you to express and process your feelings in a way that can bring comfort and clarity.</p>

<p>In this blog post, we will explore how writing can help you cope with grief, and provide practical tips to get started on your own writing journey.</p>

<h2>1. The Healing Power of Words</h2>

<p>Writing is often a safe space where people can explore their feelings without fear of judgment. It can provide a sense of control during a time when so much may feel out of your hands. By putting words to paper (or screen), you allow yourself the opportunity to express emotions that might otherwise go unspoken.</p>

<h3>Why Writing Helps with Grief</h3>

<ul>
  <li><strong>Emotional release</strong>: Writing can serve as a form of catharsis, allowing pent-up emotions to be released in a healthy way.</li>
  <li><strong>Reflection</strong>: It offers a chance to reflect on the loss and gain a deeper understanding of your emotions.</li>
  <li><strong>A sense of closure</strong>: Writing can help you process the finality of loss and find ways to move forward.</li>
</ul>

<h2>2. Different Forms of Writing to Explore</h2>

<p>There are many ways to incorporate writing into your grieving process. The key is to find a form that feels most comfortable and natural to you.</p>

<h3>Journaling</h3>

<p>Journaling is one of the most effective ways to work through grief. It allows you to write freely, without structure, and explore whatever emotions come to mind. Some may find it helpful to write daily, while others may prefer to write only when the need arises.</p>

<blockquote><p><em>Tip: Try starting each journal entry with a simple prompt like, ""Today I feel…"" or ""I miss…"" to help you focus your thoughts.</em></p></blockquote>

<h3>Letters to the Deceased</h3>

<p>Writing letters to the person you’ve lost can be a cathartic way of saying things you never had the chance to say. These letters don’t have to be sent anywhere; they’re simply for you to express what’s on your heart.</p>

<blockquote><p><em>Tip: Write about anything you wish you could have told them. You may also write about how you’re coping with their absence or what you’ve learned since they’ve passed.</em></p></blockquote>

<h3>Poetry</h3>

<p>For those who have a poetic heart, writing poems can be a powerful outlet for grief. Poetry allows for a more creative expression of emotions, using metaphors, imagery, and symbolism to convey feelings that may be hard to articulate directly.</p>

<blockquote><p><em>Tip: Experiment with different styles of poetry—whether free verse or structured forms—to find what feels most expressive for your grief.</em></p></blockquote>

<h3>Creative Writing</h3>

<p>If you're inclined toward storytelling, consider using creative writing as an outlet. Whether it’s writing short stories, essays, or even fictional narratives, creative writing allows you to explore your grief from different perspectives and settings.</p>

<blockquote><p><em>Tip: Write a fictional character going through grief. How does their journey mirror yours? What do you wish for them in their healing process?</em></p></blockquote>

<h2>3. Setting a Comfortable Writing Routine</h2>

<p>If you choose to incorporate writing into your grieving process, creating a comfortable routine can help make it a regular part of your emotional healing.</p>

<ul>
  <li><strong>Find a quiet space</strong>: Choose a calm, quiet place to write where you can focus on your emotions without distractions.</li>
  <li><strong>Set a time limit</strong>: If you're not sure where to start, set aside 10-15 minutes each day for writing. Even a small amount of time can provide clarity.</li>
  <li><strong>Be kind to yourself</strong>: Writing through grief can stir up powerful emotions. If you feel overwhelmed, take breaks and allow yourself grace.</li>
</ul>

<h2>4. Benefits of Writing for Grief</h2>

<p>Writing can offer a variety of benefits when it comes to coping with grief:</p>

<ul>
  <li><strong>Clarifies emotions</strong>: It helps you better understand your emotions and why you may feel the way you do.</li>
  <li><strong>Reduces stress</strong>: Writing about your grief can help reduce feelings of anxiety and emotional overwhelm.</li>
  <li><strong>Increases self-awareness</strong>: Writing allows you to check in with yourself, fostering a deeper sense of self-awareness.</li>
</ul>

<h2>5. When to Seek Support</h2>

<p>While writing can be an effective coping tool, it is important to remember that grief is a complex process. If you find yourself feeling stuck, overwhelmed, or unable to cope, it might be helpful to seek support from a therapist or support group.</p>

<blockquote><p><em>Tip: If writing becomes too painful, or if you feel like you need additional help, don't hesitate to reach out to a grief counselor or join a support group for those experiencing loss.</em></p></blockquote>

<hr>

<h3>Conclusion</h3>

<p>Grieving is a journey, and there is no one-size-fits-all approach. Writing can be an incredibly therapeutic tool, offering an outlet for your emotions and a chance to heal. Whether you choose journaling, letters, poetry, or creative writing, giving yourself the space to express what you feel can help you navigate the difficult path of grief. Remember to be patient and kind with yourself—grief takes time, and writing may be one of the many ways that you can find comfort along the way.</p>
",2025-02-18,Michael Chen,Discover how writing can help you process grief and preserve precious memories of your loved ones. Includes practical writing exercises and tips for getting started.
How to Find an Obituary for a Specific Person,find-obituary-for-a-specific-person,"<h1>How to Find an Obituary for a Specific Person</h1>

<p>Finding an obituary for a specific individual can be a meaningful way to honor their memory and learn more about their life. Whether you’re researching your family history or paying tribute to a friend, here are some steps you can follow to locate the obituary you’re looking for.</p>

<h2>1. Start with Basic Information</h2>
<p>Gather as much information as possible about the person whose obituary you want to find. Useful details include:</p>
<ul>
    <li>Full name</li>
    <li>Date of birth</li>
    <li>Date of death</li>
    <li>City or state where they lived</li>
</ul>

<h2>2. Use Online Obituary Databases</h2>
<p>Several websites specialize in obituaries and memorials. Here are a few you can explore:</p>
<ul>
    <li><a href=""""https://wwwLegacy.com"""">Legacy.com</a> - A comprehensive source for finding obituaries and memorials.</li>
    <li><a href=""""https://www.Ancestry.com"""">Ancestry.com</a> - Excellent for genealogy research with access to historical records.</li>
    <li><a href=""""https://www.FindAGrave.com"""">FindAGrave.com</a> - A resource for locating grave sites which often include links to obituaries.</li>
</ul>

<h2>3. Check Local Newspaper Archives</h2>
<p>Many local newspapers maintain archives that may include obituaries. Visit the website of the newspaper in the area where the individual lived. You might need to:</p>
<ul>
    <li>Search through their online archives.</li>
    <li>Visit the library in that city, which may have physical copies or access to online databases.</li>
</ul>

<h2>4. Utilize Social Media Platforms</h2>
<p>Social media can sometimes provide leads on recent obituaries. Consider searching for the person's name on platforms like:</p>
<ul>
    <li>Facebook</li>
    <li>Twiiter</li>
    <li>Instagram</li>
</ul>
<p>You might find posts or announcements from family or friends sharing the news of their passing.</p>

<h2>5. Contact Funeral Homes</h2>
<p>If you know which funeral home handled the arrangements, reach out to them directly. Most funeral homes maintain records of the services they provide and might be able to help you find the obituary.</p>

<h2>6. Reach Out to Family and Friends</h2>
<p>If possible, ask relatives or acquaintances if they have any information or copies of the obituary. They may also know where it was published.</p>

<h2>7. Use Public Records</h2>
<p>In some cases, you might be able to request public records from vital statistics departments, which can provide information about the deceased and help guide you to where the obituary can be found.</p>

<h2>Conclusion</h2>
<p>Finding an obituary can take some time and effort, but it can be a worthwhile journey to commemorate a life well-lived. By using a combination of online resources, local archives, and community connections, you can gather valuable information and perhaps uncover new insights about the individual.</p>

<p>Good luck with your search!</p>",2025-02-19,Sarah Johnson,Learn how to find te obituary for a specific person
